<beans xmlns="http://www.springframework.org/schema/beans"
	xmlns:context="http://www.springframework.org/schema/context" 
	xmlns:tx="http://www.springframework.org/schema/tx"
	xmlns:oxm="http://www.springframework.org/schema/oxm"
	xmlns:sec="http://www.springframework.org/schema/security" xmlns:mvc="http://www.springframework.org/schema/mvc"
	xmlns:xsi="http://www.w3.org/2001/XMLSchema-instance"
	xsi:schemaLocation="
        http://www.springframework.org/schema/beans     
        http://www.springframework.org/schema/beans/spring-beans-3.1.xsd
        http://www.springframework.org/schema/oxm     
        http://www.springframework.org/schema/oxm/spring-oxm-3.1.xsd
        http://www.springframework.org/schema/context 
        http://www.springframework.org/schema/context/spring-context-3.1.xsd
        http://www.springframework.org/schema/mvc 
        http://www.springframework.org/schema/mvc/spring-mvc-3.1.xsd
        http://www.springframework.org/schema/security
        http://www.springframework.org/schema/security/spring-security-3.1.xsd
        http://www.springframework.org/schema/tx
        http://www.springframework.org/schema/tx/spring-tx-3.1.xsd">

	<context:annotation-config />
	<context:component-scan base-package="br.com.caelum.cadastrao" />
	<tx:annotation-driven />
	<mvc:annotation-driven />

	<bean id="transactionManager" class="org.springframework.orm.jpa.JpaTransactionManager">
		<property name="entityManagerFactory" ref="emf" />
	</bean>

	<bean id="emf" class="org.springframework.orm.jpa.LocalEntityManagerFactoryBean">
		<property name="persistenceUnitName" value="cadastrao" />
	</bean>
	
	<sec:authentication-manager>
		<sec:authentication-provider user-service-ref="usuarioHibernateDAO" />
	</sec:authentication-manager>

	<sec:http auto-config="true" >
		<sec:intercept-url pattern="/contatos" access="ROLE_USER" />

		<sec:form-login login-page="/login-form"
			always-use-default-target="true" default-target-url="/contatos"
			login-processing-url="/login" />

		<sec:logout logout-url="/logout" logout-success-url="/login-form" />
	</sec:http>
</beans>